{"initial_reset_timestamp": 1653925797.6996217, "timestamps": [1653925801.7568426, 1653925807.1094518, 1653925809.7233827, 1653925812.6645544, 1653925815.1079822, 1653925818.5484664, 1653925823.5675294, 1653925827.755236, 1653925833.4422998, 1653925836.4973326, 1653925841.2398183, 1653925845.1468165, 1653925849.4386072, 1653925853.8527768, 1653925857.2101283, 1653925860.2643592, 1653925863.632204, 1653925866.6031325, 1653925871.0823333, 1653925875.2499366], "episode_lengths": [1844, 2455, 1596, 1786, 1486, 2082, 3020, 2512, 2574, 1992, 3122, 2570, 2830, 2909, 2209, 2018, 2219, 1956, 2954, 2752], "episode_rewards": [2500.0, 6400.0, 3200.0, 4600.0, 2800.0, 4600.0, 8400.0, 4600.0, 5800.0, 3700.0, 10600.0, 8700.0, 7800.0, 9800.0, 3500.0, 5000.0, 5800.0, 4400.0, 7200.0, 5900.0], "episode_types": ["t", "t", "t", "t", "t", "t", "t", "t", "t", "t", "t", "t", "t", "t", "t", "t", "t", "t", "t", "t"]}