{"initial_reset_timestamp": 1652030764.208281, "timestamps": [1652030765.5081697, 1652030766.7121346, 1652030768.172769, 1652030768.6307647, 1652030769.0949614, 1652030770.3610373, 1652030771.5157754, 1652030772.9613085, 1652030773.4544487, 1652030773.9192452, 1652030775.1694255, 1652030776.3215642, 1652030777.764345, 1652030778.2152414, 1652030778.673739, 1652030779.9260774, 1652030781.0740814, 1652030782.517601, 1652030782.9695048, 1652030783.4275267, 1652030784.6637692, 1652030785.8114715, 1652030787.2569818, 1652030787.7152238, 1652030788.176142, 1652030789.4320042, 1652030790.5838816, 1652030792.0838225, 1652030792.5433912, 1652030793.0067523, 1652030794.2815442, 1652030795.4407296, 1652030796.8983064, 1652030797.3574967, 1652030797.824621, 1652030799.0846772, 1652030800.240163, 1652030801.6985633, 1652030802.1564543, 1652030802.623175, 1652030803.8846617, 1652030805.0397127, 1652030806.4981503, 1652030806.956275, 1652030807.4229574, 1652030808.6843638, 1652030809.8403027, 1652030811.2977655, 1652030811.7561145, 1652030812.2209365], "episode_lengths": [150, 138, 174, 54, 55, 150, 138, 174, 54, 55, 150, 138, 174, 54, 55, 150, 138, 174, 54, 55, 150, 138, 174, 54, 55, 150, 138, 174, 54, 55, 150, 138, 174, 54, 55, 150, 138, 174, 54, 55, 150, 138, 174, 54, 55, 150, 138, 174, 54, 55], "episode_rewards": [3.0, 4.0, 3.0, 1.0, 1.0, 3.0, 4.0, 3.0, 1.0, 1.0, 3.0, 4.0, 3.0, 1.0, 1.0, 3.0, 4.0, 3.0, 1.0, 1.0, 3.0, 4.0, 3.0, 1.0, 1.0, 3.0, 4.0, 3.0, 1.0, 1.0, 3.0, 4.0, 3.0, 1.0, 1.0, 3.0, 4.0, 3.0, 1.0, 1.0, 3.0, 4.0, 3.0, 1.0, 1.0, 3.0, 4.0, 3.0, 1.0, 1.0], "episode_types": ["t", "t", "t", "t", "t", "t", "t", "t", "t", "t", "t", "t", "t", "t", "t", "t", "t", "t", "t", "t", "t", "t", "t", "t", "t", "t", "t", "t", "t", "t", "t", "t", "t", "t", "t", "t", "t", "t", "t", "t", "t", "t", "t", "t", "t", "t", "t", "t", "t", "t"]}