{"initial_reset_timestamp": 1653905066.5207603, "timestamps": [1653905068.0140564, 1653905069.075935, 1653905069.1170537, 1653905069.1342535, 1653905069.1514766, 1653905069.1688216, 1653905069.186028, 1653905069.2023783, 1653905070.6251307, 1653905070.6596355, 1653905070.6767275, 1653905070.6937332, 1653905070.7106864, 1653905070.72769, 1653905070.7445946, 1653905070.7614393, 1653905070.7772632, 1653905070.7925613, 1653905070.8094883, 1653905070.8264318, 1653905070.843451, 1653905070.8558714, 1653905070.8728168, 1653905070.8898067, 1653905070.905432, 1653905070.9224699, 1653905070.9394495, 1653905072.3661616, 1653905072.4080083, 1653905072.4250696, 1653905072.442123, 1653905072.459021, 1653905072.4741256, 1653905072.4854262, 1653905072.5023086, 1653905072.519188, 1653905072.5361335, 1653905072.553321, 1653905072.570227, 1653905072.5871532, 1653905072.602758, 1653905072.619754, 1653905072.6367905, 1653905072.653791, 1653905072.6708074, 1653905072.6878245, 1653905072.7048645, 1653905072.7218695, 1653905072.7388585, 1653905072.755895, 1653905072.770127, 1653905072.7857065, 1653905072.8027139, 1653905072.8196728, 1653905072.8324232, 1653905072.8486583, 1653905072.865649, 1653905072.8826895, 1653905072.897441, 1653905072.9144158, 1653905072.930021, 1653905072.9469843, 1653905072.9639416, 1653905072.9809473, 1653905074.4234545, 1653905074.4630718, 1653905074.4803216, 1653905074.4974735, 1653905074.5145996, 1653905074.531682, 1653905074.548728, 1653905074.5618298, 1653905074.5788703, 1653905074.595629, 1653905074.6127443, 1653905074.6298406, 1653905074.6470196, 1653905074.663525, 1653905074.680639, 1653905074.6977057, 1653905074.7146947, 1653905074.7318184, 1653905074.7488909, 1653905074.7659094, 1653905074.7834563, 1653905074.8006146, 1653905074.8177583, 1653905074.8348362, 1653905074.8519511, 1653905074.864623, 1653905074.8817554, 1653905074.89475, 1653905074.9126065, 1653905074.9296563, 1653905074.9467525, 1653905074.9638405, 1653905074.98093, 1653905074.9980185, 1653905075.0150762, 1653905075.0321825], "episode_lengths": [200, 144, 200, 200, 200, 200, 200, 190, 200, 111, 200, 200, 200, 200, 200, 200, 187, 181, 200, 200, 200, 146, 200, 200, 184, 200, 200, 200, 200, 200, 200, 200, 178, 134, 200, 200, 200, 200, 200, 200, 184, 200, 200, 200, 200, 200, 200, 200, 200, 200, 168, 183, 200, 200, 150, 191, 200, 200, 174, 200, 184, 200, 200, 200, 200, 146, 200, 200, 200, 200, 200, 154, 200, 196, 200, 200, 200, 193, 200, 200, 200, 200, 200, 200, 200, 200, 200, 200, 200, 147, 200, 151, 200, 200, 200, 200, 200, 200, 200, 200], "episode_rewards": [200.0, 144.0, 200.0, 200.0, 200.0, 200.0, 200.0, 190.0, 200.0, 111.0, 200.0, 200.0, 200.0, 200.0, 200.0, 200.0, 187.0, 181.0, 200.0, 200.0, 200.0, 146.0, 200.0, 200.0, 184.0, 200.0, 200.0, 200.0, 200.0, 200.0, 200.0, 200.0, 178.0, 134.0, 200.0, 200.0, 200.0, 200.0, 200.0, 200.0, 184.0, 200.0, 200.0, 200.0, 200.0, 200.0, 200.0, 200.0, 200.0, 200.0, 168.0, 183.0, 200.0, 200.0, 150.0, 191.0, 200.0, 200.0, 174.0, 200.0, 184.0, 200.0, 200.0, 200.0, 200.0, 146.0, 200.0, 200.0, 200.0, 200.0, 200.0, 154.0, 200.0, 196.0, 200.0, 200.0, 200.0, 193.0, 200.0, 200.0, 200.0, 200.0, 200.0, 200.0, 200.0, 200.0, 200.0, 200.0, 200.0, 147.0, 200.0, 151.0, 200.0, 200.0, 200.0, 200.0, 200.0, 200.0, 200.0, 200.0], "episode_types": ["t", "t", "t", "t", "t", "t", "t", "t", "t", "t", "t", "t", "t", "t", "t", "t", "t", "t", "t", "t", "t", "t", "t", "t", "t", "t", "t", "t", "t", "t", "t", "t", "t", "t", "t", "t", "t", "t", "t", "t", "t", "t", "t", "t", "t", "t", "t", "t", "t", "t", "t", "t", "t", "t", "t", "t", "t", "t", "t", "t", "t", "t", "t", "t", "t", "t", "t", "t", "t", "t", "t", "t", "t", "t", "t", "t", "t", "t", "t", "t", "t", "t", "t", "t", "t", "t", "t", "t", "t", "t", "t", "t", "t", "t", "t", "t", "t", "t", "t", "t"]}