{"initial_reset_timestamp": 1652030944.3124697, "timestamps": [1652030944.795847, 1652030947.3447275, 1652030947.3838797, 1652030947.3890224, 1652030947.3906105, 1652030947.40374, 1652030947.4095626, 1652030947.4201558, 1652030948.4830663, 1652030948.512176, 1652030948.5177178, 1652030948.531947, 1652030948.5373263, 1652030948.5515933, 1652030948.5564597, 1652030948.5596972, 1652030948.5664055, 1652030948.5808716, 1652030948.594888, 1652030948.6019318, 1652030948.616347, 1652030948.6308208, 1652030948.6403906, 1652030948.6548228, 1652030948.6627574, 1652030948.664409, 1652030948.6786075, 1652030951.0180833, 1652030951.0529292, 1652030951.0596583, 1652030951.0623178, 1652030951.0766063, 1652030951.0891092, 1652030951.0908968, 1652030951.0993657, 1652030951.1137793, 1652030951.1202369, 1652030951.1289608, 1652030951.1344495, 1652030951.1471803, 1652030951.1498013, 1652030951.1597698, 1652030951.1649175, 1652030951.1776376, 1652030951.1920054, 1652030951.1932127, 1652030951.2031028, 1652030951.2171483, 1652030951.2245133, 1652030951.2390099, 1652030951.2531924, 1652030951.2595277, 1652030951.2740014, 1652030951.2883034, 1652030951.2936194, 1652030951.3078754, 1652030951.322376, 1652030951.3233793, 1652030951.3362665, 1652030951.349252, 1652030951.3620093, 1652030951.3743079, 1652030951.3793364, 1652030951.384986, 1652030953.9347503, 1652030953.9641523, 1652030953.9659925, 1652030953.9791431, 1652030953.9920769, 1652030954.0052261, 1652030954.0092826, 1652030954.0123136, 1652030954.0137696, 1652030954.0225177, 1652030954.0349877, 1652030954.043465, 1652030954.0499487, 1652030954.0559, 1652030954.059957, 1652030954.0730796, 1652030954.0774307, 1652030954.0912695, 1652030954.0943327, 1652030954.100731, 1652030954.1037724, 1652030954.1182532, 1652030954.1265173, 1652030954.140877, 1652030954.1437695, 1652030954.1517391, 1652030954.1561232, 1652030954.1701179, 1652030954.1743011, 1652030954.183052, 1652030954.1952507, 1652030954.1973112, 1652030954.1999106, 1652030954.2026665, 1652030954.2119296, 1652030954.2268345], "episode_lengths": [30, 181, 186, 80, 23, 200, 85, 160, 76, 31, 77, 200, 76, 200, 67, 44, 95, 200, 200, 95, 200, 200, 135, 200, 107, 22, 200, 168, 113, 93, 36, 200, 174, 23, 115, 200, 89, 123, 74, 176, 35, 139, 70, 178, 200, 15, 135, 200, 105, 200, 200, 89, 200, 200, 73, 200, 200, 15, 200, 200, 200, 194, 74, 86, 183, 35, 26, 200, 200, 200, 61, 45, 19, 138, 189, 129, 98, 92, 61, 200, 67, 200, 40, 86, 43, 200, 118, 200, 38, 109, 62, 200, 58, 121, 171, 27, 36, 39, 130, 193], "episode_rewards": [30.0, 181.0, 186.0, 80.0, 23.0, 200.0, 85.0, 160.0, 76.0, 31.0, 77.0, 200.0, 76.0, 200.0, 67.0, 44.0, 95.0, 200.0, 200.0, 95.0, 200.0, 200.0, 135.0, 200.0, 107.0, 22.0, 200.0, 168.0, 113.0, 93.0, 36.0, 200.0, 174.0, 23.0, 115.0, 200.0, 89.0, 123.0, 74.0, 176.0, 35.0, 139.0, 70.0, 178.0, 200.0, 15.0, 135.0, 200.0, 105.0, 200.0, 200.0, 89.0, 200.0, 200.0, 73.0, 200.0, 200.0, 15.0, 200.0, 200.0, 200.0, 194.0, 74.0, 86.0, 183.0, 35.0, 26.0, 200.0, 200.0, 200.0, 61.0, 45.0, 19.0, 138.0, 189.0, 129.0, 98.0, 92.0, 61.0, 200.0, 67.0, 200.0, 40.0, 86.0, 43.0, 200.0, 118.0, 200.0, 38.0, 109.0, 62.0, 200.0, 58.0, 121.0, 171.0, 27.0, 36.0, 39.0, 130.0, 193.0], "episode_types": ["t", "t", "t", "t", "t", "t", "t", "t", "t", "t", "t", "t", "t", "t", "t", "t", "t", "t", "t", "t", "t", "t", "t", "t", "t", "t", "t", "t", "t", "t", "t", "t", "t", "t", "t", "t", "t", "t", "t", "t", "t", "t", "t", "t", "t", "t", "t", "t", "t", "t", "t", "t", "t", "t", "t", "t", "t", "t", "t", "t", "t", "t", "t", "t", "t", "t", "t", "t", "t", "t", "t", "t", "t", "t", "t", "t", "t", "t", "t", "t", "t", "t", "t", "t", "t", "t", "t", "t", "t", "t", "t", "t", "t", "t", "t", "t", "t", "t", "t", "t"]}